[
    {
        "id_list": 0,
        "name": "sss",
        "todos": [
            {
                "id_todo": 1,
                "name": "qaeaze",
                "content": "sqdsqd",
                "last_modified": "2021-03-22 00:44:57.159260"
            },
            {
                "id_todo": 2,
                "name": "aa",
                "content": "a",
                "last_modified": "2021-03-22 00:13:47.919653"
            },
            {
                "id_todo": 0,
                "name": "bb",
                "content": "bb",
                "last_modified": "2021-03-22 00:13:47.919653"
            },
            {
                "id_todo": 3,
                "name": "vv",
                "content": "vv",
                "last_modified": "2021-03-22 00:13:47.919653"
            },
            {
                "id_todo": 4,
                "name": "sdqsd",
                "content": "zaeaz",
                "last_modified": "2021-03-22 00:44:57.159260"
            }
        ]
    }
]